Image_index,labels
black_jeans_00000000.jpg,black_jeans
black_jeans_00000001.jpeg,black_jeans
black_jeans_00000002.jpeg,black_jeans
black_jeans_00000003.jpg,black_jeans
black_jeans_00000004.jpg,black_jeans
black_jeans_00000005.jpeg,black_jeans
black_jeans_00000006.jpg,black_jeans
black_jeans_00000007.jpg,black_jeans
black_jeans_00000008.jpeg,black_jeans
black_jeans_00000009.jpg,black_jeans
black_jeans_00000010.jpg,black_jeans
black_jeans_00000011.jpg,black_jeans
black_jeans_00000013.jpg,black_jeans
black_jeans_00000014.jpg,black_jeans
black_jeans_00000015.jpg,black_jeans
black_jeans_00000016.jpg,black_jeans
black_jeans_00000017.jpg,black_jeans
black_jeans_00000018.jpg,black_jeans
black_jeans_00000019.jpg,black_jeans
black_jeans_00000020.jpg,black_jeans
black_jeans_00000021.jpg,black_jeans
black_jeans_00000022.jpg,black_jeans
black_jeans_00000023.jpg,black_jeans
black_jeans_00000024.jpg,black_jeans
black_jeans_00000025.jpg,black_jeans
black_jeans_00000026.jpg,black_jeans
black_jeans_00000027.jpg,black_jeans
black_jeans_00000028.jpg,black_jeans
black_jeans_00000029.jpg,black_jeans
black_jeans_00000030.JPG,black_jeans
black_jeans_00000031.jpeg,black_jeans
black_jeans_00000032.jpeg,black_jeans
black_jeans_00000033.jpeg,black_jeans
black_jeans_00000034.jpeg,black_jeans
black_jeans_00000035.jpg,black_jeans
black_jeans_00000036.jpg,black_jeans
black_jeans_00000037.jpg,black_jeans
black_jeans_00000038.jpg,black_jeans
black_jeans_00000039.jpg,black_jeans
black_jeans_00000040.jpg,black_jeans
black_jeans_00000041.jpg,black_jeans
black_jeans_00000043.jpeg,black_jeans
black_jeans_00000045.jpeg,black_jeans
black_jeans_00000046.jpeg,black_jeans
black_jeans_00000047.jpg,black_jeans
black_jeans_00000048.jpg,black_jeans
black_jeans_00000049.jpg,black_jeans
black_jeans_00000050.jpeg,black_jeans
black_jeans_00000051.jpg,black_jeans
black_jeans_00000052.jpg,black_jeans
black_jeans_00000053.jpg,black_jeans
black_jeans_00000054.jpg,black_jeans
black_jeans_00000055.jpg,black_jeans
black_jeans_00000056.jpg,black_jeans
black_jeans_00000057.jpg,black_jeans
black_jeans_00000058.jpeg,black_jeans
black_jeans_00000059.jpeg,black_jeans
black_jeans_00000060.jpg,black_jeans
black_jeans_00000061.jpg,black_jeans
black_jeans_00000062.jpg,black_jeans
black_jeans_00000063.jpg,black_jeans
black_jeans_00000064.jpg,black_jeans
black_jeans_00000065.jpg,black_jeans
black_jeans_00000066.jpg,black_jeans
black_jeans_00000067.jpg,black_jeans
black_jeans_00000068.jpg,black_jeans
black_jeans_00000069.jpeg,black_jeans
black_jeans_00000070.jpeg,black_jeans
black_jeans_00000071.jpg,black_jeans
black_jeans_00000072.jpg,black_jeans
black_jeans_00000073.jpg,black_jeans
black_jeans_00000074.jpg,black_jeans
black_jeans_00000075.jpg,black_jeans
black_jeans_00000076.jpg,black_jeans
black_jeans_00000077.jpeg,black_jeans
black_jeans_00000078.jpg,black_jeans
black_jeans_00000079.png,black_jeans
black_jeans_00000080.jpg,black_jeans
black_jeans_00000081.jpg,black_jeans
black_jeans_00000082.jpg,black_jeans
black_jeans_00000084.jpg,black_jeans
black_jeans_00000085.jpg,black_jeans
black_jeans_00000086.jpg,black_jeans
black_jeans_00000088.jpg,black_jeans
black_jeans_00000089.jpg,black_jeans
black_jeans_00000090.jpg,black_jeans
black_jeans_00000091.jpeg,black_jeans
black_jeans_00000092.jpg,black_jeans
black_jeans_00000093.jpg,black_jeans
black_jeans_00000094.jpg,black_jeans
black_jeans_00000095.jpg,black_jeans
black_jeans_00000096.jpg,black_jeans
black_jeans_00000097.jpg,black_jeans
black_jeans_00000098.jpg,black_jeans
black_jeans_00000099.jpeg,black_jeans
black_jeans_00000100.jpg,black_jeans
black_jeans_00000101.jpg,black_jeans
black_jeans_00000102.jpg,black_jeans
black_jeans_00000103.jpg,black_jeans
black_jeans_00000104.jpg,black_jeans
black_jeans_00000105.jpg,black_jeans
black_jeans_00000106.jpeg,black_jeans
black_jeans_00000107.jpg,black_jeans
black_jeans_00000108.jpg,black_jeans
black_jeans_00000109.jpeg,black_jeans
black_jeans_00000110.jpg,black_jeans
black_jeans_00000111.jpg,black_jeans
black_jeans_00000112.jpg,black_jeans
black_jeans_00000113.jpg,black_jeans
black_jeans_00000114.jpeg,black_jeans
black_jeans_00000116.jpeg,black_jeans
black_jeans_00000117.jpg,black_jeans
black_jeans_00000118.jpg,black_jeans
black_jeans_00000120.jpg,black_jeans
black_jeans_00000121.jpg,black_jeans
black_jeans_00000123.jpg,black_jeans
black_jeans_00000124.jpg,black_jeans
black_jeans_00000125.jpg,black_jeans
black_jeans_00000126.jpg,black_jeans
black_jeans_00000127.jpeg,black_jeans
black_jeans_00000129.jpg,black_jeans
black_jeans_00000130.jpg,black_jeans
black_jeans_00000131.jpg,black_jeans
black_jeans_00000132.jpg,black_jeans
black_jeans_00000133.jpg,black_jeans
black_jeans_00000134.jpg,black_jeans
black_jeans_00000135.jpg,black_jeans
black_jeans_00000136.jpg,black_jeans
black_jeans_00000138.jpg,black_jeans
black_jeans_00000139.jpeg,black_jeans
black_jeans_00000140.jpg,black_jeans
black_jeans_00000141.jpg,black_jeans
black_jeans_00000142.jpeg,black_jeans
black_jeans_00000143.jpg,black_jeans
black_jeans_00000144.jpg,black_jeans
black_jeans_00000145.jpg,black_jeans
black_jeans_00000146.jpg,black_jeans
black_jeans_00000147.jpeg,black_jeans
black_jeans_00000148.jpg,black_jeans
black_jeans_00000149.jpg,black_jeans
black_jeans_00000150.jpg,black_jeans
black_jeans_00000151.jpg,black_jeans
black_jeans_00000152.jpeg,black_jeans
black_jeans_00000153.jpg,black_jeans
black_jeans_00000154.jpeg,black_jeans
black_jeans_00000155.jpg,black_jeans
black_jeans_00000156.jpg,black_jeans
black_jeans_00000157.jpg,black_jeans
black_jeans_00000158.jpeg,black_jeans
black_jeans_00000159.jpg,black_jeans
black_jeans_00000160.jpg,black_jeans
black_jeans_00000162.jpg,black_jeans
black_jeans_00000163.jpg,black_jeans
black_jeans_00000164.JPG,black_jeans
black_jeans_00000165.jpeg,black_jeans
black_jeans_00000166.jpg,black_jeans
black_jeans_00000167.jpg,black_jeans
black_jeans_00000168.jpg,black_jeans
black_jeans_00000169.png,black_jeans
black_jeans_00000170.jpeg,black_jeans
black_jeans_00000171.jpg,black_jeans
black_jeans_00000172.jpg,black_jeans
black_jeans_00000173.jpg,black_jeans
black_jeans_00000174.jpeg,black_jeans
black_jeans_00000175.jpeg,black_jeans
black_jeans_00000176.jpg,black_jeans
black_jeans_00000177.jpg,black_jeans
black_jeans_00000178.jpeg,black_jeans
black_jeans_00000179.jpeg,black_jeans
black_jeans_00000181.jpeg,black_jeans
black_jeans_00000182.jpeg,black_jeans
black_jeans_00000184.jpg,black_jeans
black_jeans_00000185.jpg,black_jeans
black_jeans_00000186.jpg,black_jeans
black_jeans_00000187.jpeg,black_jeans
black_jeans_00000188.jpeg,black_jeans
black_jeans_00000189.jpg,black_jeans
black_jeans_00000190.jpg,black_jeans
black_jeans_00000191.jpg,black_jeans
black_jeans_00000193.jpg,black_jeans
black_jeans_00000194.jpg,black_jeans
black_jeans_00000195.jpg,black_jeans
black_jeans_00000196.jpg,black_jeans
black_jeans_00000197.jpg,black_jeans
black_jeans_00000198.jpg,black_jeans
black_jeans_00000199.jpg,black_jeans
black_jeans_00000200.jpg,black_jeans
black_jeans_00000201.jpeg,black_jeans
black_jeans_00000202.jpeg,black_jeans
black_jeans_00000203.jpg,black_jeans
black_jeans_00000204.jpeg,black_jeans
black_jeans_00000205.jpg,black_jeans
black_jeans_00000206.jpg,black_jeans
black_jeans_00000207.jpeg,black_jeans
black_jeans_00000208.jpg,black_jeans
black_jeans_00000209.jpg,black_jeans
black_jeans_00000210.jpg,black_jeans
black_jeans_00000212.jpg,black_jeans
black_jeans_00000213.jpg,black_jeans
black_jeans_00000214.jpg,black_jeans
black_jeans_00000215.jpeg,black_jeans
black_jeans_00000216.jpeg,black_jeans
black_jeans_00000217.jpg,black_jeans
black_jeans_00000218.jpg,black_jeans
black_jeans_00000219.jpg,black_jeans
black_jeans_00000220.jpg,black_jeans
black_jeans_00000221.jpg,black_jeans
black_jeans_00000222.JPG,black_jeans
black_jeans_00000223.jpg,black_jeans
black_jeans_00000224.jpg,black_jeans
black_jeans_00000225.jpg,black_jeans
black_jeans_00000226.JPG,black_jeans
black_jeans_00000227.jpg,black_jeans
black_jeans_00000228.jpg,black_jeans
black_jeans_00000229.jpg,black_jeans
black_jeans_00000230.jpeg,black_jeans
black_jeans_00000231.jpeg,black_jeans
black_jeans_00000232.jpg,black_jeans
black_jeans_00000233.jpg,black_jeans
black_jeans_00000234.jpeg,black_jeans
black_jeans_00000235.jpeg,black_jeans
black_jeans_00000236.jpeg,black_jeans
black_jeans_00000237.jpg,black_jeans
black_jeans_00000238.jpeg,black_jeans
black_jeans_00000239.jpg,black_jeans
black_jeans_00000240.jpeg,black_jeans
black_jeans_00000241.jpg,black_jeans
black_jeans_00000243.jpg,black_jeans
black_jeans_00000244.jpeg,black_jeans
black_jeans_00000245.jpg,black_jeans
black_jeans_00000246.jpeg,black_jeans
black_jeans_00000247.jpg,black_jeans
black_jeans_00000248.jpeg,black_jeans
black_jeans_00000249.jpg,black_jeans
black_jeans_00000250.jpg,black_jeans
black_jeans_00000251.jpg,black_jeans
black_jeans_00000252.jpg,black_jeans
black_jeans_00000253.jpg,black_jeans
black_jeans_00000254.jpg,black_jeans
black_jeans_00000255.jpg,black_jeans
black_jeans_00000257.jpg,black_jeans
black_jeans_00000258.jpg,black_jeans
black_jeans_00000259.jpg,black_jeans
black_jeans_00000260.jpg,black_jeans
black_jeans_00000261.jpeg,black_jeans
black_jeans_00000262.jpg,black_jeans
black_jeans_00000263.jpg,black_jeans
black_jeans_00000264.jpg,black_jeans
black_jeans_00000265.jpg,black_jeans
black_jeans_00000266.jpg,black_jeans
black_jeans_00000267.jpg,black_jeans
black_jeans_00000268.jpg,black_jeans
black_jeans_00000269.jpg,black_jeans
black_jeans_00000270.jpg,black_jeans
black_jeans_00000271.jpg,black_jeans
black_jeans_00000272.jpg,black_jeans
black_jeans_00000273.jpg,black_jeans
black_jeans_00000274.jpg,black_jeans
black_jeans_00000275.jpg,black_jeans
black_jeans_00000276.jpg,black_jeans
black_jeans_00000277.jpeg,black_jeans
black_jeans_00000278.jpeg,black_jeans
black_jeans_00000279.jpeg,black_jeans
black_jeans_00000280.jpeg,black_jeans
black_jeans_00000281.jpeg,black_jeans
black_jeans_00000282.jpg,black_jeans
black_jeans_00000283.png,black_jeans
black_jeans_00000284.jpg,black_jeans
black_jeans_00000285.jpg,black_jeans
black_jeans_00000286.jpg,black_jeans
black_jeans_00000287.jpeg,black_jeans
black_jeans_00000288.jpg,black_jeans
black_jeans_00000289.jpg,black_jeans
black_jeans_00000290.jpg,black_jeans
black_jeans_00000291.jpeg,black_jeans
black_jeans_00000292.jpg,black_jeans
black_jeans_00000293.jpg,black_jeans
black_jeans_00000294.jpeg,black_jeans
black_jeans_00000295.jpg,black_jeans
black_jeans_00000296.jpg,black_jeans
black_jeans_00000297.jpeg,black_jeans
black_jeans_00000298.jpeg,black_jeans
black_jeans_00000300.jpg,black_jeans
black_jeans_00000301.jpg,black_jeans
black_jeans_00000302.jpeg,black_jeans
black_jeans_00000303.jpeg,black_jeans
black_jeans_00000304.jpg,black_jeans
black_jeans_00000305.jpg,black_jeans
black_jeans_00000306.jpeg,black_jeans
black_jeans_00000307.jpg,black_jeans
black_jeans_00000308.jpg,black_jeans
black_jeans_00000309.jpg,black_jeans
black_jeans_00000311.jpeg,black_jeans
black_jeans_00000312.jpg,black_jeans
black_jeans_00000313.jpeg,black_jeans
black_jeans_00000314.jpg,black_jeans
black_jeans_00000315.jpeg,black_jeans
black_jeans_00000316.jpg,black_jeans
black_jeans_00000317.jpeg,black_jeans
black_jeans_00000318.jpg,black_jeans
black_jeans_00000319.jpg,black_jeans
black_jeans_00000320.jpg,black_jeans
black_jeans_00000321.jpg,black_jeans
black_jeans_00000322.jpg,black_jeans
black_jeans_00000323.jpeg,black_jeans
black_jeans_00000324.jpg,black_jeans
black_jeans_00000325.jpg,black_jeans
black_jeans_00000326.jpg,black_jeans
black_jeans_00000327.jpeg,black_jeans
black_jeans_00000328.jpg,black_jeans
black_jeans_00000330.jpg,black_jeans
black_jeans_00000332.jpg,black_jeans
black_jeans_00000333.jpeg,black_jeans
black_jeans_00000334.jpg,black_jeans
black_jeans_00000335.jpg,black_jeans
black_jeans_00000336.jpg,black_jeans
black_jeans_00000337.jpeg,black_jeans
black_jeans_00000338.jpg,black_jeans
black_jeans_00000339.jpeg,black_jeans
black_jeans_00000340.jpeg,black_jeans
black_jeans_00000341.jpeg,black_jeans
black_jeans_00000342.jpg,black_jeans
black_jeans_00000343.JPG,black_jeans
black_jeans_00000344.jpg,black_jeans
black_jeans_00000345.jpeg,black_jeans
black_jeans_00000346.jpg,black_jeans
black_jeans_00000347.jpg,black_jeans
black_jeans_00000348.jpeg,black_jeans
black_jeans_00000349.jpg,black_jeans
black_jeans_00000350.jpg,black_jeans
black_jeans_00000351.jpg,black_jeans
black_jeans_00000352.jpeg,black_jeans
black_jeans_00000353.jpeg,black_jeans
black_jeans_00000354.jpeg,black_jeans
black_jeans_00000356.jpg,black_jeans
black_jeans_00000357.jpg,black_jeans
black_jeans_00000358.jpg,black_jeans
black_jeans_00000359.jpg,black_jeans
black_jeans_00000360.jpg,black_jeans
black_jeans_00000361.jpg,black_jeans
black_jeans_00000362.jpg,black_jeans
black_jeans_00000363.jpeg,black_jeans
black_jeans_00000364.jpeg,black_jeans
black_jeans_00000365.jpg,black_jeans
blue_dress_00000000.jpg,blue_dress
blue_dress_00000001.jpg,blue_dress
blue_dress_00000002.jpg,blue_dress
blue_dress_00000003.jpeg,blue_dress
blue_dress_00000004.jpg,blue_dress
blue_dress_00000005.jpg,blue_dress
blue_dress_00000006.jpeg,blue_dress
blue_dress_00000007.jpg,blue_dress
blue_dress_00000008.jpg,blue_dress
blue_dress_00000009.jpg,blue_dress
blue_dress_00000010.jpg,blue_dress
blue_dress_00000011.jpg,blue_dress
blue_dress_00000012.jpg,blue_dress
blue_dress_00000013.jpg,blue_dress
blue_dress_00000014.jpg,blue_dress
blue_dress_00000015.jpg,blue_dress
blue_dress_00000016.jpg,blue_dress
blue_dress_00000017.jpg,blue_dress
blue_dress_00000018.jpg,blue_dress
blue_dress_00000019.jpg,blue_dress
blue_dress_00000021.jpg,blue_dress
blue_dress_00000022.jpg,blue_dress
blue_dress_00000023.jpg,blue_dress
blue_dress_00000024.jpg,blue_dress
blue_dress_00000025.jpg,blue_dress
blue_dress_00000026.jpeg,blue_dress
blue_dress_00000027.jpg,blue_dress
blue_dress_00000028.jpeg,blue_dress
blue_dress_00000029.jpg,blue_dress
blue_dress_00000030.jpg,blue_dress
blue_dress_00000031.jpg,blue_dress
blue_dress_00000032.jpg,blue_dress
blue_dress_00000033.jpg,blue_dress
blue_dress_00000034.jpeg,blue_dress
blue_dress_00000035.jpeg,blue_dress
blue_dress_00000036.jpg,blue_dress
blue_dress_00000037.jpg,blue_dress
blue_dress_00000038.jpg,blue_dress
blue_dress_00000039.jpg,blue_dress
blue_dress_00000040.jpg,blue_dress
blue_dress_00000041.jpeg,blue_dress
blue_dress_00000042.jpg,blue_dress
blue_dress_00000043.jpg,blue_dress
blue_dress_00000044.jpg,blue_dress
blue_dress_00000045.jpg,blue_dress
blue_dress_00000046.jpg,blue_dress
blue_dress_00000047.jpg,blue_dress
blue_dress_00000048.jpg,blue_dress
blue_dress_00000049.jpg,blue_dress
blue_dress_00000050.jpg,blue_dress
blue_dress_00000051.jpg,blue_dress
blue_dress_00000052.jpg,blue_dress
blue_dress_00000053.jpg,blue_dress
blue_dress_00000054.jpg,blue_dress
blue_dress_00000056.jpg,blue_dress
blue_dress_00000057.jpg,blue_dress
blue_dress_00000058.jpg,blue_dress
blue_dress_00000059.jpg,blue_dress
blue_dress_00000060.jpg,blue_dress
blue_dress_00000061.jpg,blue_dress
blue_dress_00000062.jpg,blue_dress
blue_dress_00000063.jpg,blue_dress
blue_dress_00000064.jpg,blue_dress
blue_dress_00000065.jpg,blue_dress
blue_dress_00000066.jpg,blue_dress
blue_dress_00000067.jpg,blue_dress
blue_dress_00000068.jpg,blue_dress
blue_dress_00000069.jpg,blue_dress
blue_dress_00000070.jpeg,blue_dress
blue_dress_00000071.jpg,blue_dress
blue_dress_00000072.jpeg,blue_dress
blue_dress_00000073.jpg,blue_dress
blue_dress_00000074.jpg,blue_dress
blue_dress_00000075.jpg,blue_dress
blue_dress_00000076.jpg,blue_dress
blue_dress_00000077.jpg,blue_dress
blue_dress_00000078.jpeg,blue_dress
blue_dress_00000079.jpg,blue_dress
blue_dress_00000080.jpg,blue_dress
blue_dress_00000081.jpg,blue_dress
blue_dress_00000082.jpg,blue_dress
blue_dress_00000083.jpg,blue_dress
blue_dress_00000084.jpg,blue_dress
blue_dress_00000085.jpg,blue_dress
blue_dress_00000086.jpg,blue_dress
blue_dress_00000087.jpg,blue_dress
blue_dress_00000088.jpg,blue_dress
blue_dress_00000089.jpg,blue_dress
blue_dress_00000090.jpg,blue_dress
blue_dress_00000091.jpg,blue_dress
blue_dress_00000092.jpg,blue_dress
blue_dress_00000093.jpg,blue_dress
blue_dress_00000094.jpg,blue_dress
blue_dress_00000095.jpg,blue_dress
blue_dress_00000096.jpeg,blue_dress
blue_dress_00000097.jpg,blue_dress
blue_dress_00000098.jpeg,blue_dress
blue_dress_00000099.jpeg,blue_dress
blue_dress_00000100.jpg,blue_dress
blue_dress_00000101.jpg,blue_dress
blue_dress_00000102.jpg,blue_dress
blue_dress_00000103.jpg,blue_dress
blue_dress_00000104.jpg,blue_dress
blue_dress_00000105.jpg,blue_dress
blue_dress_00000106.jpg,blue_dress
blue_dress_00000107.jpg,blue_dress
blue_dress_00000108.jpg,blue_dress
blue_dress_00000109.jpg,blue_dress
blue_dress_00000110.jpg,blue_dress
blue_dress_00000111.jpg,blue_dress
blue_dress_00000112.jpg,blue_dress
blue_dress_00000113.jpg,blue_dress
blue_dress_00000114.jpg,blue_dress
blue_dress_00000115.jpg,blue_dress
blue_dress_00000116.jpg,blue_dress
blue_dress_00000117.jpg,blue_dress
blue_dress_00000118.jpg,blue_dress
blue_dress_00000119.jpg,blue_dress
blue_dress_00000120.jpeg,blue_dress
blue_dress_00000121.jpg,blue_dress
blue_dress_00000122.jpg,blue_dress
blue_dress_00000123.jpg,blue_dress
blue_dress_00000124.jpg,blue_dress
blue_dress_00000125.jpg,blue_dress
blue_dress_00000126.jpg,blue_dress
blue_dress_00000127.jpg,blue_dress
blue_dress_00000128.jpeg,blue_dress
blue_dress_00000129.jpeg,blue_dress
blue_dress_00000130.jpg,blue_dress
blue_dress_00000131.jpeg,blue_dress
blue_dress_00000132.jpg,blue_dress
blue_dress_00000133.jpg,blue_dress
blue_dress_00000134.jpg,blue_dress
blue_dress_00000135.jpg,blue_dress
blue_dress_00000136.jpg,blue_dress
blue_dress_00000137.jpeg,blue_dress
blue_dress_00000138.jpg,blue_dress
blue_dress_00000139.jpg,blue_dress
blue_dress_00000140.jpeg,blue_dress
blue_dress_00000141.jpg,blue_dress
blue_dress_00000142.jpg,blue_dress
blue_dress_00000143.jpg,blue_dress
blue_dress_00000144.jpg,blue_dress
blue_dress_00000145.jpeg,blue_dress
blue_dress_00000146.jpg,blue_dress
blue_dress_00000147.jpg,blue_dress
blue_dress_00000148.jpg,blue_dress
blue_dress_00000149.jpg,blue_dress
blue_dress_00000150.jpg,blue_dress
blue_dress_00000151.jpeg,blue_dress
blue_dress_00000152.jpg,blue_dress
blue_dress_00000153.jpg,blue_dress
blue_dress_00000154.jpeg,blue_dress
blue_dress_00000155.jpg,blue_dress
blue_dress_00000156.jpg,blue_dress
blue_dress_00000157.jpg,blue_dress
blue_dress_00000158.jpg,blue_dress
blue_dress_00000159.jpg,blue_dress
blue_dress_00000160.jpg,blue_dress
blue_dress_00000161.jpg,blue_dress
blue_dress_00000162.jpeg,blue_dress
blue_dress_00000163.jpg,blue_dress
blue_dress_00000164.jpg,blue_dress
blue_dress_00000166.jpg,blue_dress
blue_dress_00000167.jpg,blue_dress
blue_dress_00000168.jpg,blue_dress
blue_dress_00000169.jpg,blue_dress
blue_dress_00000170.jpg,blue_dress
blue_dress_00000171.jpg,blue_dress
blue_dress_00000172.jpg,blue_dress
blue_dress_00000173.jpg,blue_dress
blue_dress_00000174.jpg,blue_dress
blue_dress_00000175.jpeg,blue_dress
blue_dress_00000176.jpg,blue_dress
blue_dress_00000177.jpg,blue_dress
blue_dress_00000178.jpg,blue_dress
blue_dress_00000179.jpg,blue_dress
blue_dress_00000180.jpg,blue_dress
blue_dress_00000181.jpg,blue_dress
blue_dress_00000182.jpg,blue_dress
blue_dress_00000184.jpg,blue_dress
blue_dress_00000185.jpg,blue_dress
blue_dress_00000186.jpg,blue_dress
blue_dress_00000187.jpg,blue_dress
blue_dress_00000188.jpg,blue_dress
blue_dress_00000189.jpg,blue_dress
blue_dress_00000190.jpg,blue_dress
blue_dress_00000191.jpg,blue_dress
blue_dress_00000192.jpg,blue_dress
blue_dress_00000193.jpg,blue_dress
blue_dress_00000194.jpg,blue_dress
blue_dress_00000195.jpg,blue_dress
blue_dress_00000196.jpg,blue_dress
blue_dress_00000197.jpg,blue_dress
blue_dress_00000198.jpg,blue_dress
blue_dress_00000199.jpg,blue_dress
blue_dress_00000200.jpg,blue_dress
blue_dress_00000201.jpg,blue_dress
blue_dress_00000202.jpg,blue_dress
blue_dress_00000203.jpg,blue_dress
blue_dress_00000204.jpeg,blue_dress
blue_dress_00000205.png,blue_dress
blue_dress_00000206.jpg,blue_dress
blue_dress_00000207.jpeg,blue_dress
blue_dress_00000208.jpg,blue_dress
blue_dress_00000209.jpg,blue_dress
blue_dress_00000210.jpg,blue_dress
blue_dress_00000211.jpg,blue_dress
blue_dress_00000212.jpg,blue_dress
blue_dress_00000213.jpg,blue_dress
blue_dress_00000214.jpg,blue_dress
blue_dress_00000215.jpg,blue_dress
blue_dress_00000216.jpg,blue_dress
blue_dress_00000217.jpg,blue_dress
blue_dress_00000219.jpg,blue_dress
blue_dress_00000220.jpg,blue_dress
blue_dress_00000221.jpg,blue_dress
blue_dress_00000222.jpeg,blue_dress
blue_dress_00000223.jpg,blue_dress
blue_dress_00000224.jpg,blue_dress
blue_dress_00000225.jpg,blue_dress
blue_dress_00000226.jpg,blue_dress
blue_dress_00000227.jpg,blue_dress
blue_dress_00000228.jpg,blue_dress
blue_dress_00000229.jpg,blue_dress
blue_dress_00000230.jpg,blue_dress
blue_dress_00000231.jpg,blue_dress
blue_dress_00000232.jpeg,blue_dress
blue_dress_00000233.jpg,blue_dress
blue_dress_00000234.jpg,blue_dress
blue_dress_00000235.jpeg,blue_dress
blue_dress_00000236.jpg,blue_dress
blue_dress_00000237.jpg,blue_dress
blue_dress_00000238.jpg,blue_dress
blue_dress_00000239.jpg,blue_dress
blue_dress_00000240.jpg,blue_dress
blue_dress_00000241.jpg,blue_dress
blue_dress_00000242.jpg,blue_dress
blue_dress_00000243.jpg,blue_dress
blue_dress_00000244.jpg,blue_dress
blue_dress_00000245.jpeg,blue_dress
blue_dress_00000246.jpg,blue_dress
blue_dress_00000247.jpg,blue_dress
blue_dress_00000248.jpg,blue_dress
blue_dress_00000249.jpeg,blue_dress
blue_dress_00000250.jpg,blue_dress
blue_dress_00000251.jpg,blue_dress
blue_dress_00000252.jpg,blue_dress
blue_dress_00000253.jpg,blue_dress
blue_dress_00000254.jpg,blue_dress
blue_dress_00000255.jpg,blue_dress
blue_dress_00000256.jpg,blue_dress
blue_dress_00000257.jpg,blue_dress
blue_dress_00000258.jpg,blue_dress
blue_dress_00000259.jpeg,blue_dress
blue_dress_00000260.jpg,blue_dress
blue_dress_00000261.jpeg,blue_dress
blue_dress_00000262.jpg,blue_dress
blue_dress_00000263.jpg,blue_dress
blue_dress_00000264.jpg,blue_dress
blue_dress_00000265.jpg,blue_dress
blue_dress_00000266.jpg,blue_dress
blue_dress_00000267.jpg,blue_dress
blue_dress_00000268.jpg,blue_dress
blue_dress_00000269.jpeg,blue_dress
blue_dress_00000270.jpg,blue_dress
blue_dress_00000271.jpg,blue_dress
blue_dress_00000272.jpg,blue_dress
blue_dress_00000273.jpg,blue_dress
blue_dress_00000274.jpg,blue_dress
blue_dress_00000275.jpg,blue_dress
blue_dress_00000276.jpeg,blue_dress
blue_dress_00000277.JPG,blue_dress
blue_dress_00000278.jpg,blue_dress
blue_dress_00000279.jpg,blue_dress
blue_dress_00000280.jpg,blue_dress
blue_dress_00000281.jpg,blue_dress
blue_dress_00000282.jpg,blue_dress
blue_dress_00000283.jpg,blue_dress
blue_dress_00000284.jpg,blue_dress
blue_dress_00000285.jpg,blue_dress
blue_dress_00000286.jpg,blue_dress
blue_dress_00000287.jpg,blue_dress
blue_dress_00000288.jpg,blue_dress
blue_dress_00000289.jpg,blue_dress
blue_dress_00000290.jpg,blue_dress
blue_dress_00000291.jpg,blue_dress
blue_dress_00000292.jpg,blue_dress
blue_dress_00000293.jpg,blue_dress
blue_dress_00000294.jpg,blue_dress
blue_dress_00000295.jpg,blue_dress
blue_dress_00000296.jpg,blue_dress
blue_dress_00000297.jpg,blue_dress
blue_dress_00000298.jpg,blue_dress
blue_dress_00000299.jpg,blue_dress
blue_dress_00000300.jpg,blue_dress
blue_dress_00000301.jpg,blue_dress
blue_dress_00000302.jpg,blue_dress
blue_dress_00000303.jpg,blue_dress
blue_dress_00000304.jpg,blue_dress
blue_dress_00000305.jpg,blue_dress
blue_dress_00000306.jpeg,blue_dress
blue_dress_00000307.jpeg,blue_dress
blue_dress_00000309.jpg,blue_dress
blue_dress_00000310.jpg,blue_dress
blue_dress_00000311.jpg,blue_dress
blue_dress_00000312.jpg,blue_dress
blue_dress_00000313.jpg,blue_dress
blue_dress_00000314.jpg,blue_dress
blue_dress_00000315.png,blue_dress
blue_dress_00000316.jpeg,blue_dress
blue_dress_00000317.jpg,blue_dress
blue_dress_00000318.jpg,blue_dress
blue_dress_00000319.jpeg,blue_dress
blue_dress_00000320.jpg,blue_dress
blue_dress_00000321.jpg,blue_dress
blue_dress_00000322.jpg,blue_dress
blue_dress_00000323.jpeg,blue_dress
blue_dress_00000324.jpg,blue_dress
blue_dress_00000325.jpg,blue_dress
blue_dress_00000328.jpg,blue_dress
blue_dress_00000329.jpg,blue_dress
blue_dress_00000331.jpg,blue_dress
blue_dress_00000332.jpg,blue_dress
blue_dress_00000333.jpg,blue_dress
blue_dress_00000334.jpg,blue_dress
blue_dress_00000335.JPG,blue_dress
blue_dress_00000336.jpg,blue_dress
blue_dress_00000337.jpg,blue_dress
blue_dress_00000338.jpg,blue_dress
blue_dress_00000339.jpg,blue_dress
blue_dress_00000340.jpg,blue_dress
blue_dress_00000341.jpg,blue_dress
blue_dress_00000342.jpeg,blue_dress
blue_dress_00000343.jpg,blue_dress
blue_dress_00000344.JPG,blue_dress
blue_dress_00000345.jpg,blue_dress
blue_dress_00000346.jpg,blue_dress
blue_dress_00000347.jpg,blue_dress
blue_dress_00000348.jpeg,blue_dress
blue_dress_00000349.jpg,blue_dress
blue_dress_00000350.jpg,blue_dress
blue_dress_00000351.jpg,blue_dress
blue_dress_00000352.jpg,blue_dress
blue_dress_00000353.jpg,blue_dress
blue_dress_00000354.jpg,blue_dress
blue_dress_00000355.jpg,blue_dress
blue_dress_00000356.jpg,blue_dress
blue_dress_00000357.JPG,blue_dress
blue_dress_00000358.jpeg,blue_dress
blue_dress_00000359.jpg,blue_dress
blue_dress_00000360.jpg,blue_dress
blue_dress_00000361.jpg,blue_dress
blue_dress_00000362.jpg,blue_dress
blue_dress_00000363.jpg,blue_dress
blue_dress_00000364.jpg,blue_dress
blue_dress_00000365.jpg,blue_dress
blue_dress_00000366.jpg,blue_dress
blue_dress_00000367.jpg,blue_dress
blue_dress_00000369.jpg,blue_dress
blue_dress_00000370.jpg,blue_dress
blue_dress_00000371.jpeg,blue_dress
blue_dress_00000372.jpg,blue_dress
blue_dress_00000373.jpg,blue_dress
blue_dress_00000374.jpg,blue_dress
blue_dress_00000375.jpg,blue_dress
blue_dress_00000376.jpg,blue_dress
blue_dress_00000377.jpg,blue_dress
blue_dress_00000378.jpg,blue_dress
blue_dress_00000379.jpg,blue_dress
blue_dress_00000380.jpg,blue_dress
blue_dress_00000381.jpeg,blue_dress
blue_dress_00000382.jpg,blue_dress
blue_dress_00000383.jpg,blue_dress
blue_dress_00000384.jpg,blue_dress
blue_dress_00000385.jpg,blue_dress
blue_dress_00000386.jpg,blue_dress
blue_dress_00000387.jpg,blue_dress
blue_dress_00000388.jpeg,blue_dress
blue_dress_00000389.jpg,blue_dress
blue_dress_00000390.jpg,blue_dress
blue_dress_00000391.jpg,blue_dress
blue_dress_00000392.jpg,blue_dress
blue_dress_00000393.jpg,blue_dress
blue_dress_00000394.jpg,blue_dress
blue_dress_00000395.jpg,blue_dress
blue_jeans_00000000.jpg,blue_jeans
blue_jeans_00000001.jpeg,blue_jeans
blue_jeans_00000003.jpg,blue_jeans
blue_jeans_00000004.jpg,blue_jeans
blue_jeans_00000005.jpg,blue_jeans
blue_jeans_00000006.jpg,blue_jeans
blue_jeans_00000007.jpg,blue_jeans
blue_jeans_00000009.jpg,blue_jeans
blue_jeans_00000010.jpg,blue_jeans
blue_jeans_00000011.jpg,blue_jeans
blue_jeans_00000012.jpg,blue_jeans
blue_jeans_00000013.jpg,blue_jeans
blue_jeans_00000014.jpg,blue_jeans
blue_jeans_00000015.jpg,blue_jeans
blue_jeans_00000016.jpg,blue_jeans
blue_jeans_00000017.jpg,blue_jeans
blue_jeans_00000018.jpeg,blue_jeans
blue_jeans_00000019.jpg,blue_jeans
blue_jeans_00000020.jpg,blue_jeans
blue_jeans_00000021.jpg,blue_jeans
blue_jeans_00000022.jpg,blue_jeans
blue_jeans_00000023.jpg,blue_jeans
blue_jeans_00000024.png,blue_jeans
blue_jeans_00000026.jpeg,blue_jeans
blue_jeans_00000027.jpg,blue_jeans
blue_jeans_00000028.jpg,blue_jeans
blue_jeans_00000029.jpg,blue_jeans
blue_jeans_00000030.jpg,blue_jeans
blue_jeans_00000031.jpg,blue_jeans
blue_jeans_00000032.jpg,blue_jeans
blue_jeans_00000033.jpg,blue_jeans
blue_jeans_00000034.jpeg,blue_jeans
blue_jeans_00000035.jpg,blue_jeans
blue_jeans_00000036.jpg,blue_jeans
blue_jeans_00000037.jpg,blue_jeans
blue_jeans_00000038.jpeg,blue_jeans
blue_jeans_00000039.jpg,blue_jeans
blue_jeans_00000040.jpg,blue_jeans
blue_jeans_00000041.jpg,blue_jeans
blue_jeans_00000042.jpg,blue_jeans
blue_jeans_00000044.jpg,blue_jeans
blue_jeans_00000045.jpg,blue_jeans
blue_jeans_00000046.jpg,blue_jeans
blue_jeans_00000047.jpg,blue_jeans
blue_jeans_00000048.jpeg,blue_jeans
blue_jeans_00000049.jpg,blue_jeans
blue_jeans_00000050.jpg,blue_jeans
blue_jeans_00000051.jpg,blue_jeans
blue_jeans_00000052.jpg,blue_jeans
blue_jeans_00000053.jpg,blue_jeans
blue_jeans_00000054.jpg,blue_jeans
blue_jeans_00000055.jpg,blue_jeans
blue_jeans_00000056.jpg,blue_jeans
blue_jeans_00000057.jpg,blue_jeans
blue_jeans_00000058.jpg,blue_jeans
blue_jeans_00000059.jpg,blue_jeans
blue_jeans_00000060.jpeg,blue_jeans
blue_jeans_00000061.jpg,blue_jeans
blue_jeans_00000062.jpg,blue_jeans
blue_jeans_00000063.jpg,blue_jeans
blue_jeans_00000064.jpg,blue_jeans
blue_jeans_00000065.jpg,blue_jeans
blue_jeans_00000066.jpeg,blue_jeans
blue_jeans_00000067.jpg,blue_jeans
blue_jeans_00000068.jpeg,blue_jeans
blue_jeans_00000069.jpg,blue_jeans
blue_jeans_00000070.jpeg,blue_jeans
blue_jeans_00000071.jpg,blue_jeans
blue_jeans_00000072.jpg,blue_jeans
blue_jeans_00000073.jpg,blue_jeans
blue_jeans_00000074.jpg,blue_jeans
blue_jeans_00000075.jpeg,blue_jeans
blue_jeans_00000076.jpeg,blue_jeans
blue_jeans_00000077.jpg,blue_jeans
blue_jeans_00000078.jpeg,blue_jeans
blue_jeans_00000079.jpeg,blue_jeans
blue_jeans_00000080.jpg,blue_jeans
blue_jeans_00000081.jpg,blue_jeans
blue_jeans_00000082.jpg,blue_jeans
blue_jeans_00000083.jpg,blue_jeans
blue_jeans_00000084.jpg,blue_jeans
blue_jeans_00000085.jpeg,blue_jeans
blue_jeans_00000086.jpg,blue_jeans
blue_jeans_00000087.jpg,blue_jeans
blue_jeans_00000088.jpg,blue_jeans
blue_jeans_00000089.jpg,blue_jeans
blue_jeans_00000090.jpg,blue_jeans
blue_jeans_00000091.jpg,blue_jeans
blue_jeans_00000092.jpg,blue_jeans
blue_jeans_00000093.jpg,blue_jeans
blue_jeans_00000094.jpg,blue_jeans
blue_jeans_00000095.jpg,blue_jeans
blue_jeans_00000096.jpg,blue_jeans
blue_jeans_00000097.jpg,blue_jeans
blue_jeans_00000098.jpg,blue_jeans
blue_jeans_00000099.jpg,blue_jeans
blue_jeans_00000100.jpg,blue_jeans
blue_jeans_00000102.jpg,blue_jeans
blue_jeans_00000103.jpg,blue_jeans
blue_jeans_00000104.jpg,blue_jeans
blue_jeans_00000105.jpg,blue_jeans
blue_jeans_00000106.jpg,blue_jeans
blue_jeans_00000108.jpg,blue_jeans
blue_jeans_00000109.jpg,blue_jeans
blue_jeans_00000110.jpg,blue_jeans
blue_jeans_00000111.jpg,blue_jeans
blue_jeans_00000112.jpg,blue_jeans
blue_jeans_00000113.jpg,blue_jeans
blue_jeans_00000114.jpeg,blue_jeans
blue_jeans_00000115.jpeg,blue_jeans
blue_jeans_00000116.jpeg,blue_jeans
blue_jeans_00000117.jpg,blue_jeans
blue_jeans_00000118.jpg,blue_jeans
blue_jeans_00000119.jpg,blue_jeans
blue_jeans_00000120.jpg,blue_jeans
blue_jeans_00000121.jpeg,blue_jeans
blue_jeans_00000122.jpeg,blue_jeans
blue_jeans_00000123.png,blue_jeans
blue_jeans_00000124.jpg,blue_jeans
blue_jeans_00000125.jpg,blue_jeans
blue_jeans_00000126.jpg,blue_jeans
blue_jeans_00000127.jpg,blue_jeans
blue_jeans_00000128.jpg,blue_jeans
blue_jeans_00000129.jpg,blue_jeans
blue_jeans_00000130.jpg,blue_jeans
blue_jeans_00000131.jpg,blue_jeans
blue_jeans_00000132.jpg,blue_jeans
blue_jeans_00000133.jpg,blue_jeans
blue_jeans_00000134.jpg,blue_jeans
blue_jeans_00000135.jpg,blue_jeans
blue_jeans_00000136.jpg,blue_jeans
blue_jeans_00000137.jpeg,blue_jeans
blue_jeans_00000138.jpeg,blue_jeans
blue_jeans_00000139.jpg,blue_jeans
blue_jeans_00000140.jpg,blue_jeans
blue_jeans_00000141.jpg,blue_jeans
blue_jeans_00000143.jpeg,blue_jeans
blue_jeans_00000144.jpg,blue_jeans
blue_jeans_00000145.jpeg,blue_jeans
blue_jeans_00000146.jpg,blue_jeans
blue_jeans_00000147.jpeg,blue_jeans
blue_jeans_00000148.jpg,blue_jeans
blue_jeans_00000149.jpg,blue_jeans
blue_jeans_00000150.jpg,blue_jeans
blue_jeans_00000151.jpg,blue_jeans
blue_jeans_00000152.jpeg,blue_jeans
blue_jeans_00000153.jpg,blue_jeans
blue_jeans_00000154.jpg,blue_jeans
blue_jeans_00000155.jpg,blue_jeans
blue_jeans_00000156.jpg,blue_jeans
blue_jeans_00000157.jpg,blue_jeans
blue_jeans_00000158.jpg,blue_jeans
blue_jeans_00000159.jpg,blue_jeans
blue_jeans_00000160.jpg,blue_jeans
blue_jeans_00000161.jpg,blue_jeans
blue_jeans_00000162.jpg,blue_jeans
blue_jeans_00000163.jpg,blue_jeans
blue_jeans_00000164.jpg,blue_jeans
blue_jeans_00000165.png,blue_jeans
blue_jeans_00000166.jpeg,blue_jeans
blue_jeans_00000167.jpg,blue_jeans
blue_jeans_00000168.jpg,blue_jeans
blue_jeans_00000169.jpg,blue_jeans
blue_jeans_00000170.jpg,blue_jeans
blue_jeans_00000171.png,blue_jeans
blue_jeans_00000172.jpg,blue_jeans
blue_jeans_00000173.jpg,blue_jeans
blue_jeans_00000174.jpg,blue_jeans
blue_jeans_00000175.jpg,blue_jeans
blue_jeans_00000177.jpg,blue_jeans
blue_jeans_00000178.jpeg,blue_jeans
blue_jeans_00000179.jpeg,blue_jeans
blue_jeans_00000180.jpg,blue_jeans
blue_jeans_00000181.jpeg,blue_jeans
blue_jeans_00000182.jpg,blue_jeans
blue_jeans_00000183.jpg,blue_jeans
blue_jeans_00000184.jpeg,blue_jeans
blue_jeans_00000185.jpeg,blue_jeans
blue_jeans_00000186.jpg,blue_jeans
blue_jeans_00000187.jpg,blue_jeans
blue_jeans_00000188.jpg,blue_jeans
blue_jeans_00000189.jpg,blue_jeans
blue_jeans_00000190.jpg,blue_jeans
blue_jeans_00000191.jpeg,blue_jeans
blue_jeans_00000192.jpeg,blue_jeans
blue_jeans_00000193.jpeg,blue_jeans
blue_jeans_00000194.jpg,blue_jeans
blue_jeans_00000195.png,blue_jeans
blue_jeans_00000196.jpg,blue_jeans
blue_jeans_00000198.jpg,blue_jeans
blue_jeans_00000199.jpeg,blue_jeans
blue_jeans_00000200.jpg,blue_jeans
blue_jeans_00000201.jpg,blue_jeans
blue_jeans_00000202.jpeg,blue_jeans
blue_jeans_00000204.jpg,blue_jeans
blue_jeans_00000205.jpg,blue_jeans
blue_jeans_00000206.jpeg,blue_jeans
blue_jeans_00000207.jpeg,blue_jeans
blue_jeans_00000208.jpg,blue_jeans
blue_jeans_00000209.jpg,blue_jeans
blue_jeans_00000210.jpg,blue_jeans
blue_jeans_00000211.jpeg,blue_jeans
blue_jeans_00000212.jpg,blue_jeans
blue_jeans_00000213.jpg,blue_jeans
blue_jeans_00000214.jpg,blue_jeans
blue_jeans_00000215.jpg,blue_jeans
blue_jeans_00000216.jpeg,blue_jeans
blue_jeans_00000217.jpeg,blue_jeans
blue_jeans_00000218.jpg,blue_jeans
blue_jeans_00000219.jpg,blue_jeans
blue_jeans_00000220.jpg,blue_jeans
blue_jeans_00000221.jpg,blue_jeans
blue_jeans_00000222.jpeg,blue_jeans
blue_jeans_00000223.jpeg,blue_jeans
blue_jeans_00000224.jpeg,blue_jeans
blue_jeans_00000225.jpg,blue_jeans
blue_jeans_00000226.jpg,blue_jeans
blue_jeans_00000227.jpg,blue_jeans
blue_jeans_00000228.jpg,blue_jeans
blue_jeans_00000229.png,blue_jeans
blue_jeans_00000230.jpg,blue_jeans
blue_jeans_00000231.jpg,blue_jeans
blue_jeans_00000232.png,blue_jeans
blue_jeans_00000233.jpg,blue_jeans
blue_jeans_00000234.jpg,blue_jeans
blue_jeans_00000236.jpg,blue_jeans
blue_jeans_00000237.jpg,blue_jeans
blue_jeans_00000238.jpeg,blue_jeans
blue_jeans_00000239.jpeg,blue_jeans
blue_jeans_00000240.jpg,blue_jeans
blue_jeans_00000241.jpg,blue_jeans
blue_jeans_00000242.jpg,blue_jeans
blue_jeans_00000243.jpg,blue_jeans
blue_jeans_00000244.jpg,blue_jeans
blue_jeans_00000245.jpg,blue_jeans
blue_jeans_00000246.jpg,blue_jeans
blue_jeans_00000247.jpeg,blue_jeans
blue_jeans_00000248.jpeg,blue_jeans
blue_jeans_00000249.jpg,blue_jeans
blue_jeans_00000250.jpg,blue_jeans
blue_jeans_00000251.jpg,blue_jeans
blue_jeans_00000252.jpg,blue_jeans
blue_jeans_00000254.jpg,blue_jeans
blue_jeans_00000255.jpeg,blue_jeans
blue_jeans_00000256.jpg,blue_jeans
blue_jeans_00000257.jpeg,blue_jeans
blue_jeans_00000258.jpg,blue_jeans
blue_jeans_00000259.jpg,blue_jeans
blue_jeans_00000260.jpeg,blue_jeans
blue_jeans_00000261.jpg,blue_jeans
blue_jeans_00000262.jpg,blue_jeans
blue_jeans_00000263.jpg,blue_jeans
blue_jeans_00000264.jpg,blue_jeans
blue_jeans_00000265.jpg,blue_jeans
blue_jeans_00000266.jpg,blue_jeans
blue_jeans_00000268.jpeg,blue_jeans
blue_jeans_00000270.jpg,blue_jeans
blue_jeans_00000271.jpg,blue_jeans
blue_jeans_00000272.jpg,blue_jeans
blue_jeans_00000273.jpg,blue_jeans
blue_jeans_00000274.jpeg,blue_jeans
blue_jeans_00000275.jpeg,blue_jeans
blue_jeans_00000276.jpg,blue_jeans
blue_jeans_00000277.jpg,blue_jeans
blue_jeans_00000278.jpg,blue_jeans
blue_jeans_00000279.jpg,blue_jeans
blue_jeans_00000280.jpg,blue_jeans
blue_jeans_00000281.jpg,blue_jeans
blue_jeans_00000282.jpg,blue_jeans
blue_jeans_00000283.jpeg,blue_jeans
blue_jeans_00000284.jpeg,blue_jeans
blue_jeans_00000285.jpg,blue_jeans
blue_jeans_00000286.jpg,blue_jeans
blue_jeans_00000287.jpg,blue_jeans
blue_jeans_00000288.jpeg,blue_jeans
blue_jeans_00000289.jpg,blue_jeans
blue_jeans_00000290.jpeg,blue_jeans
blue_jeans_00000291.png,blue_jeans
blue_jeans_00000292.jpeg,blue_jeans
blue_jeans_00000293.jpg,blue_jeans
blue_jeans_00000294.jpeg,blue_jeans
blue_jeans_00000296.jpeg,blue_jeans
blue_jeans_00000297.JPG,blue_jeans
blue_jeans_00000298.jpeg,blue_jeans
blue_jeans_00000299.jpg,blue_jeans
blue_jeans_00000300.jpg,blue_jeans
blue_jeans_00000301.jpg,blue_jeans
blue_jeans_00000302.jpg,blue_jeans
blue_jeans_00000303.jpeg,blue_jeans
blue_jeans_00000304.jpg,blue_jeans
blue_jeans_00000305.jpg,blue_jeans
blue_jeans_00000306.jpeg,blue_jeans
blue_jeans_00000307.jpg,blue_jeans
blue_jeans_00000308.jpeg,blue_jeans
blue_jeans_00000309.jpg,blue_jeans
blue_jeans_00000310.jpg,blue_jeans
blue_jeans_00000311.jpeg,blue_jeans
blue_jeans_00000312.jpeg,blue_jeans
blue_jeans_00000313.jpg,blue_jeans
blue_jeans_00000314.jpeg,blue_jeans
blue_jeans_00000315.jpeg,blue_jeans
blue_jeans_00000316.jpg,blue_jeans
blue_jeans_00000317.jpg,blue_jeans
blue_jeans_00000318.jpeg,blue_jeans
blue_jeans_00000319.jpeg,blue_jeans
blue_jeans_00000320.jpg,blue_jeans
blue_jeans_00000321.jpg,blue_jeans
blue_jeans_00000322.jpeg,blue_jeans
blue_jeans_00000323.jpg,blue_jeans
blue_jeans_00000324.jpeg,blue_jeans
blue_jeans_00000325.jpeg,blue_jeans
blue_jeans_00000326.jpeg,blue_jeans
blue_jeans_00000327.jpeg,blue_jeans
blue_jeans_00000328.jpg,blue_jeans
blue_jeans_00000329.jpeg,blue_jeans
blue_jeans_00000330.jpg,blue_jeans
blue_jeans_00000331.jpeg,blue_jeans
blue_jeans_00000332.jpg,blue_jeans
blue_jeans_00000333.jpg,blue_jeans
blue_jeans_00000334.jpeg,blue_jeans
blue_jeans_00000335.jpg,blue_jeans
blue_jeans_00000336.jpg,blue_jeans
blue_jeans_00000337.jpeg,blue_jeans
blue_jeans_00000338.jpg,blue_jeans
blue_jeans_00000339.jpg,blue_jeans
blue_jeans_00000340.jpeg,blue_jeans
blue_jeans_00000341.jpg,blue_jeans
blue_jeans_00000342.jpg,blue_jeans
blue_jeans_00000343.jpeg,blue_jeans
blue_jeans_00000344.jpeg,blue_jeans
blue_jeans_00000346.jpg,blue_jeans
blue_jeans_00000347.jpg,blue_jeans
blue_jeans_00000348.jpg,blue_jeans
blue_jeans_00000349.jpg,blue_jeans
blue_jeans_00000350.jpg,blue_jeans
blue_jeans_00000351.jpg,blue_jeans
blue_jeans_00000353.jpg,blue_jeans
blue_jeans_00000354.jpeg,blue_jeans
blue_jeans_00000355.jpeg,blue_jeans
blue_jeans_00000356.jpg,blue_jeans
blue_jeans_00000357.jpg,blue_jeans
blue_jeans_00000359.jpg,blue_jeans
blue_jeans_00000360.jpg,blue_jeans
blue_jeans_00000361.jpeg,blue_jeans
blue_jeans_00000362.jpg,blue_jeans
blue_jeans_00000363.JPG,blue_jeans
blue_jeans_00000365.jpeg,blue_jeans
blue_jeans_00000366.jpg,blue_jeans
blue_jeans_00000367.jpg,blue_jeans
blue_jeans_00000368.jpg,blue_jeans
blue_jeans_00000369.jpeg,blue_jeans
blue_jeans_00000370.jpeg,blue_jeans
blue_jeans_00000371.jpeg,blue_jeans
blue_jeans_00000372.jpeg,blue_jeans
blue_jeans_00000373.jpeg,blue_jeans
blue_jeans_00000374.jpeg,blue_jeans
blue_shirt_00000000.jpg,blue_shirt
blue_shirt_00000001.jpg,blue_shirt
blue_shirt_00000002.jpeg,blue_shirt
blue_shirt_00000003.jpg,blue_shirt
blue_shirt_00000004.jpg,blue_shirt
blue_shirt_00000005.jpg,blue_shirt
blue_shirt_00000006.jpg,blue_shirt
blue_shirt_00000007.jpg,blue_shirt
blue_shirt_00000008.jpg,blue_shirt
blue_shirt_00000009.JPG,blue_shirt
blue_shirt_00000010.jpg,blue_shirt
blue_shirt_00000011.jpg,blue_shirt
blue_shirt_00000012.jpg,blue_shirt
blue_shirt_00000013.jpg,blue_shirt
blue_shirt_00000014.jpg,blue_shirt
blue_shirt_00000015.jpg,blue_shirt
blue_shirt_00000016.jpg,blue_shirt
blue_shirt_00000017.jpg,blue_shirt
blue_shirt_00000018.jpg,blue_shirt
blue_shirt_00000019.jpg,blue_shirt
blue_shirt_00000020.png,blue_shirt
blue_shirt_00000021.jpg,blue_shirt
blue_shirt_00000022.png,blue_shirt
blue_shirt_00000023.jpg,blue_shirt
blue_shirt_00000024.jpg,blue_shirt
blue_shirt_00000025.jpg,blue_shirt
blue_shirt_00000026.jpg,blue_shirt
blue_shirt_00000027.jpg,blue_shirt
blue_shirt_00000028.jpeg,blue_shirt
blue_shirt_00000029.jpg,blue_shirt
blue_shirt_00000030.jpg,blue_shirt
blue_shirt_00000031.jpg,blue_shirt
blue_shirt_00000032.png,blue_shirt
blue_shirt_00000033.jpg,blue_shirt
blue_shirt_00000034.jpeg,blue_shirt
blue_shirt_00000035.jpg,blue_shirt
blue_shirt_00000036.jpg,blue_shirt
blue_shirt_00000037.jpg,blue_shirt
blue_shirt_00000038.jpg,blue_shirt
blue_shirt_00000039.jpg,blue_shirt
blue_shirt_00000040.png,blue_shirt
blue_shirt_00000041.jpg,blue_shirt
blue_shirt_00000042.jpg,blue_shirt
blue_shirt_00000043.jpg,blue_shirt
blue_shirt_00000044.jpg,blue_shirt
blue_shirt_00000045.jpg,blue_shirt
blue_shirt_00000046.jpg,blue_shirt
blue_shirt_00000047.jpeg,blue_shirt
blue_shirt_00000048.jpeg,blue_shirt
blue_shirt_00000049.jpg,blue_shirt
blue_shirt_00000050.jpg,blue_shirt
blue_shirt_00000051.jpg,blue_shirt
blue_shirt_00000052.jpg,blue_shirt
blue_shirt_00000053.jpg,blue_shirt
blue_shirt_00000054.jpg,blue_shirt
blue_shirt_00000055.jpg,blue_shirt
blue_shirt_00000056.png,blue_shirt
blue_shirt_00000057.jpg,blue_shirt
blue_shirt_00000058.jpg,blue_shirt
blue_shirt_00000059.jpeg,blue_shirt
blue_shirt_00000060.jpg,blue_shirt
blue_shirt_00000061.jpg,blue_shirt
blue_shirt_00000062.jpg,blue_shirt
blue_shirt_00000063.jpg,blue_shirt
blue_shirt_00000064.jpg,blue_shirt
blue_shirt_00000065.jpg,blue_shirt
blue_shirt_00000066.jpeg,blue_shirt
blue_shirt_00000067.jpg,blue_shirt
blue_shirt_00000068.jpg,blue_shirt
blue_shirt_00000069.jpg,blue_shirt
blue_shirt_00000070.jpg,blue_shirt
blue_shirt_00000071.jpg,blue_shirt
blue_shirt_00000072.jpg,blue_shirt
blue_shirt_00000073.jpg,blue_shirt
blue_shirt_00000074.jpg,blue_shirt
blue_shirt_00000075.jpg,blue_shirt
blue_shirt_00000076.jpeg,blue_shirt
blue_shirt_00000077.jpeg,blue_shirt
blue_shirt_00000078.jpg,blue_shirt
blue_shirt_00000079.jpg,blue_shirt
blue_shirt_00000080.jpg,blue_shirt
blue_shirt_00000081.jpg,blue_shirt
blue_shirt_00000082.jpg,blue_shirt
blue_shirt_00000083.jpg,blue_shirt
blue_shirt_00000084.jpg,blue_shirt
blue_shirt_00000085.jpg,blue_shirt
blue_shirt_00000086.jpg,blue_shirt
blue_shirt_00000087.jpeg,blue_shirt
blue_shirt_00000088.jpg,blue_shirt
blue_shirt_00000089.jpg,blue_shirt
blue_shirt_00000090.jpg,blue_shirt
blue_shirt_00000091.png,blue_shirt
blue_shirt_00000092.png,blue_shirt
blue_shirt_00000093.jpg,blue_shirt
blue_shirt_00000094.jpg,blue_shirt
blue_shirt_00000095.jpg,blue_shirt
blue_shirt_00000096.jpg,blue_shirt
blue_shirt_00000097.jpg,blue_shirt
blue_shirt_00000098.jpg,blue_shirt
blue_shirt_00000099.png,blue_shirt
blue_shirt_00000100.png,blue_shirt
blue_shirt_00000101.jpg,blue_shirt
blue_shirt_00000102.jpg,blue_shirt
blue_shirt_00000103.jpg,blue_shirt
blue_shirt_00000104.jpg,blue_shirt
blue_shirt_00000105.jpg,blue_shirt
blue_shirt_00000106.png,blue_shirt
blue_shirt_00000107.jpg,blue_shirt
blue_shirt_00000108.jpg,blue_shirt
blue_shirt_00000109.jpg,blue_shirt
blue_shirt_00000110.jpg,blue_shirt
blue_shirt_00000111.jpg,blue_shirt
blue_shirt_00000112.jpg,blue_shirt
blue_shirt_00000113.jpeg,blue_shirt
blue_shirt_00000114.jpg,blue_shirt
blue_shirt_00000115.jpg,blue_shirt
blue_shirt_00000116.jpg,blue_shirt
blue_shirt_00000117.jpg,blue_shirt
blue_shirt_00000118.jpg,blue_shirt
blue_shirt_00000119.jpg,blue_shirt
blue_shirt_00000120.jpg,blue_shirt
blue_shirt_00000121.jpg,blue_shirt
blue_shirt_00000122.jpg,blue_shirt
blue_shirt_00000123.jpg,blue_shirt
blue_shirt_00000124.jpg,blue_shirt
blue_shirt_00000125.jpg,blue_shirt
blue_shirt_00000126.jpg,blue_shirt
blue_shirt_00000127.jpg,blue_shirt
blue_shirt_00000129.jpg,blue_shirt
blue_shirt_00000130.jpg,blue_shirt
blue_shirt_00000131.jpeg,blue_shirt
blue_shirt_00000133.jpg,blue_shirt
blue_shirt_00000134.jpg,blue_shirt
blue_shirt_00000135.jpg,blue_shirt
blue_shirt_00000136.jpg,blue_shirt
blue_shirt_00000137.jpg,blue_shirt
blue_shirt_00000138.jpg,blue_shirt
blue_shirt_00000139.jpg,blue_shirt
blue_shirt_00000140.jpg,blue_shirt
blue_shirt_00000141.jpg,blue_shirt
blue_shirt_00000142.jpg,blue_shirt
blue_shirt_00000143.jpg,blue_shirt
blue_shirt_00000144.JPG,blue_shirt
blue_shirt_00000145.jpeg,blue_shirt
blue_shirt_00000146.jpg,blue_shirt
blue_shirt_00000147.jpg,blue_shirt
blue_shirt_00000148.jpg,blue_shirt
blue_shirt_00000149.jpg,blue_shirt
blue_shirt_00000150.jpeg,blue_shirt
blue_shirt_00000151.jpg,blue_shirt
blue_shirt_00000152.jpg,blue_shirt
blue_shirt_00000153.jpg,blue_shirt
blue_shirt_00000154.jpg,blue_shirt
blue_shirt_00000155.jpg,blue_shirt
blue_shirt_00000156.JPG,blue_shirt
blue_shirt_00000157.jpg,blue_shirt
blue_shirt_00000158.jpg,blue_shirt
blue_shirt_00000159.jpg,blue_shirt
blue_shirt_00000160.jpg,blue_shirt
blue_shirt_00000161.jpg,blue_shirt
blue_shirt_00000162.jpg,blue_shirt
blue_shirt_00000163.jpg,blue_shirt
blue_shirt_00000164.jpg,blue_shirt
blue_shirt_00000165.jpg,blue_shirt
blue_shirt_00000166.jpg,blue_shirt
blue_shirt_00000167.jpg,blue_shirt
blue_shirt_00000168.jpg,blue_shirt
blue_shirt_00000169.png,blue_shirt
blue_shirt_00000170.jpeg,blue_shirt
blue_shirt_00000171.jpg,blue_shirt
blue_shirt_00000173.jpg,blue_shirt
blue_shirt_00000174.jpg,blue_shirt
blue_shirt_00000175.jpg,blue_shirt
blue_shirt_00000178.jpg,blue_shirt
blue_shirt_00000179.jpg,blue_shirt
blue_shirt_00000180.jpg,blue_shirt
blue_shirt_00000181.png,blue_shirt
blue_shirt_00000182.jpg,blue_shirt
blue_shirt_00000183.jpg,blue_shirt
blue_shirt_00000184.jpg,blue_shirt
blue_shirt_00000185.jpg,blue_shirt
blue_shirt_00000186.jpg,blue_shirt
blue_shirt_00000187.jpg,blue_shirt
blue_shirt_00000188.jpeg,blue_shirt
blue_shirt_00000189.jpeg,blue_shirt
blue_shirt_00000190.jpg,blue_shirt
blue_shirt_00000191.jpg,blue_shirt
blue_shirt_00000192.jpg,blue_shirt
blue_shirt_00000193.jpeg,blue_shirt
blue_shirt_00000194.jpg,blue_shirt
blue_shirt_00000195.jpg,blue_shirt
blue_shirt_00000196.jpg,blue_shirt
blue_shirt_00000197.jpg,blue_shirt
blue_shirt_00000198.jpg,blue_shirt
blue_shirt_00000199.jpeg,blue_shirt
blue_shirt_00000200.jpg,blue_shirt
blue_shirt_00000201.jpg,blue_shirt
blue_shirt_00000202.jpg,blue_shirt
blue_shirt_00000203.jpg,blue_shirt
blue_shirt_00000204.jpg,blue_shirt
blue_shirt_00000205.jpg,blue_shirt
blue_shirt_00000206.jpg,blue_shirt
blue_shirt_00000207.jpeg,blue_shirt
blue_shirt_00000208.jpeg,blue_shirt
blue_shirt_00000209.jpg,blue_shirt
blue_shirt_00000210.jpg,blue_shirt
blue_shirt_00000211.jpeg,blue_shirt
blue_shirt_00000213.jpg,blue_shirt
blue_shirt_00000214.jpg,blue_shirt
blue_shirt_00000215.jpg,blue_shirt
blue_shirt_00000216.jpg,blue_shirt
blue_shirt_00000217.jpg,blue_shirt
blue_shirt_00000218.jpeg,blue_shirt
blue_shirt_00000219.jpg,blue_shirt
blue_shirt_00000220.jpg,blue_shirt
blue_shirt_00000221.jpg,blue_shirt
blue_shirt_00000222.jpg,blue_shirt
blue_shirt_00000223.jpg,blue_shirt
blue_shirt_00000224.jpg,blue_shirt
blue_shirt_00000226.jpg,blue_shirt
blue_shirt_00000227.jpg,blue_shirt
blue_shirt_00000228.jpeg,blue_shirt
blue_shirt_00000229.jpg,blue_shirt
blue_shirt_00000230.jpg,blue_shirt
blue_shirt_00000231.jpg,blue_shirt
blue_shirt_00000232.jpg,blue_shirt
blue_shirt_00000233.jpg,blue_shirt
blue_shirt_00000234.jpg,blue_shirt
blue_shirt_00000235.jpg,blue_shirt
blue_shirt_00000236.jpg,blue_shirt
blue_shirt_00000237.jpg,blue_shirt
blue_shirt_00000238.jpg,blue_shirt
blue_shirt_00000240.png,blue_shirt
blue_shirt_00000241.jpg,blue_shirt
blue_shirt_00000242.jpg,blue_shirt
blue_shirt_00000243.jpg,blue_shirt
blue_shirt_00000244.jpg,blue_shirt
blue_shirt_00000245.jpg,blue_shirt
blue_shirt_00000246.png,blue_shirt
blue_shirt_00000247.jpeg,blue_shirt
blue_shirt_00000248.jpg,blue_shirt
blue_shirt_00000249.jpg,blue_shirt
blue_shirt_00000250.jpg,blue_shirt
blue_shirt_00000251.jpg,blue_shirt
blue_shirt_00000252.jpg,blue_shirt
blue_shirt_00000253.jpg,blue_shirt
blue_shirt_00000254.jpg,blue_shirt
blue_shirt_00000255.jpg,blue_shirt
blue_shirt_00000257.jpg,blue_shirt
blue_shirt_00000258.jpg,blue_shirt
blue_shirt_00000259.jpg,blue_shirt
blue_shirt_00000260.jpg,blue_shirt
blue_shirt_00000261.jpg,blue_shirt
blue_shirt_00000262.jpeg,blue_shirt
blue_shirt_00000263.jpeg,blue_shirt
blue_shirt_00000264.jpg,blue_shirt
blue_shirt_00000265.jpg,blue_shirt
blue_shirt_00000266.jpg,blue_shirt
blue_shirt_00000267.jpg,blue_shirt
blue_shirt_00000268.jpg,blue_shirt
blue_shirt_00000269.jpg,blue_shirt
blue_shirt_00000270.jpg,blue_shirt
blue_shirt_00000271.jpg,blue_shirt
blue_shirt_00000272.jpeg,blue_shirt
blue_shirt_00000273.jpg,blue_shirt
blue_shirt_00000274.jpeg,blue_shirt
blue_shirt_00000275.jpeg,blue_shirt
blue_shirt_00000276.jpg,blue_shirt
blue_shirt_00000277.jpg,blue_shirt
blue_shirt_00000278.jpg,blue_shirt
blue_shirt_00000279.jpg,blue_shirt
blue_shirt_00000280.jpg,blue_shirt
blue_shirt_00000281.jpg,blue_shirt
blue_shirt_00000282.jpg,blue_shirt
blue_shirt_00000283.jpeg,blue_shirt
blue_shirt_00000284.png,blue_shirt
blue_shirt_00000285.jpg,blue_shirt
blue_shirt_00000286.jpeg,blue_shirt
blue_shirt_00000287.png,blue_shirt
blue_shirt_00000288.jpg,blue_shirt
blue_shirt_00000289.jpeg,blue_shirt
blue_shirt_00000290.png,blue_shirt
blue_shirt_00000291.jpg,blue_shirt
blue_shirt_00000293.jpg,blue_shirt
blue_shirt_00000294.jpg,blue_shirt
blue_shirt_00000295.jpg,blue_shirt
blue_shirt_00000296.jpg,blue_shirt
blue_shirt_00000297.jpg,blue_shirt
blue_shirt_00000298.png,blue_shirt
blue_shirt_00000299.jpg,blue_shirt
blue_shirt_00000300.jpg,blue_shirt
blue_shirt_00000301.jpg,blue_shirt
blue_shirt_00000302.jpeg,blue_shirt
blue_shirt_00000304.jpg,blue_shirt
blue_shirt_00000305.jpg,blue_shirt
blue_shirt_00000308.jpg,blue_shirt
blue_shirt_00000309.jpeg,blue_shirt
blue_shirt_00000310.jpg,blue_shirt
blue_shirt_00000311.jpg,blue_shirt
blue_shirt_00000312.jpg,blue_shirt
blue_shirt_00000313.jpg,blue_shirt
blue_shirt_00000314.jpg,blue_shirt
blue_shirt_00000315.jpeg,blue_shirt
blue_shirt_00000316.jpg,blue_shirt
blue_shirt_00000317.jpg,blue_shirt
blue_shirt_00000318.jpeg,blue_shirt
blue_shirt_00000319.jpg,blue_shirt
blue_shirt_00000320.jpg,blue_shirt
blue_shirt_00000321.jpg,blue_shirt
blue_shirt_00000322.jpg,blue_shirt
blue_shirt_00000323.jpg,blue_shirt
blue_shirt_00000325.JPG,blue_shirt
blue_shirt_00000326.jpg,blue_shirt
blue_shirt_00000327.jpeg,blue_shirt
blue_shirt_00000328.jpg,blue_shirt
blue_shirt_00000329.jpg,blue_shirt
blue_shirt_00000330.jpg,blue_shirt
blue_shirt_00000331.jpg,blue_shirt
blue_shirt_00000332.jpg,blue_shirt
blue_shirt_00000333.jpg,blue_shirt
blue_shirt_00000335.jpg,blue_shirt
blue_shirt_00000336.jpg,blue_shirt
blue_shirt_00000337.png,blue_shirt
blue_shirt_00000338.jpg,blue_shirt
blue_shirt_00000339.jpeg,blue_shirt
blue_shirt_00000340.jpg,blue_shirt
blue_shirt_00000341.jpg,blue_shirt
blue_shirt_00000342.jpg,blue_shirt
blue_shirt_00000343.jpeg,blue_shirt
blue_shirt_00000344.jpg,blue_shirt
blue_shirt_00000345.jpg,blue_shirt
blue_shirt_00000346.jpg,blue_shirt
blue_shirt_00000347.jpg,blue_shirt
blue_shirt_00000348.jpg,blue_shirt
blue_shirt_00000349.jpg,blue_shirt
blue_shirt_00000350.jpg,blue_shirt
blue_shirt_00000351.jpg,blue_shirt
blue_shirt_00000352.jpg,blue_shirt
blue_shirt_00000353.jpg,blue_shirt
blue_shirt_00000354.jpg,blue_shirt
blue_shirt_00000355.jpeg,blue_shirt
blue_shirt_00000356.jpeg,blue_shirt
blue_shirt_00000357.jpeg,blue_shirt
blue_shirt_00000358.jpg,blue_shirt
blue_shirt_00000360.jpg,blue_shirt
blue_shirt_00000361.jpg,blue_shirt
blue_shirt_00000362.jpg,blue_shirt
blue_shirt_00000363.jpg,blue_shirt
blue_shirt_00000364.jpeg,blue_shirt
blue_shirt_00000365.jpg,blue_shirt
blue_shirt_00000366.jpg,blue_shirt
blue_shirt_00000368.jpg,blue_shirt
blue_shirt_00000369.jpg,blue_shirt
blue_shirt_00000370.jpeg,blue_shirt
blue_shirt_00000371.jpg,blue_shirt
blue_shirt_00000372.jpg,blue_shirt
blue_shirt_00000373.jpg,blue_shirt
blue_shirt_00000374.jpg,blue_shirt
blue_shirt_00000375.jpeg,blue_shirt
blue_shirt_00000376.jpg,blue_shirt
blue_shirt_00000377.jpeg,blue_shirt
blue_shirt_00000378.jpg,blue_shirt
blue_shirt_00000379.jpg,blue_shirt
blue_shirt_00000380.jpg,blue_shirt
blue_shirt_00000381.jpg,blue_shirt
blue_shirt_00000382.jpg,blue_shirt
blue_shirt_00000383.jpg,blue_shirt
blue_shirt_00000384.jpg,blue_shirt
blue_shirt_00000385.jpeg,blue_shirt
red_dress_00000000.jpg,red_dress
red_dress_00000001.jpg,red_dress
red_dress_00000002.jpg,red_dress
red_dress_00000003.jpg,red_dress
red_dress_00000004.jpg,red_dress
red_dress_00000005.jpg,red_dress
red_dress_00000006.jpg,red_dress
red_dress_00000007.jpg,red_dress
red_dress_00000008.jpg,red_dress
red_dress_00000009.JPG,red_dress
red_dress_00000010.jpg,red_dress
red_dress_00000011.jpg,red_dress
red_dress_00000012.jpg,red_dress
red_dress_00000013.jpg,red_dress
red_dress_00000014.jpg,red_dress
red_dress_00000015.jpg,red_dress
red_dress_00000016.jpg,red_dress
red_dress_00000017.jpg,red_dress
red_dress_00000018.jpg,red_dress
red_dress_00000019.jpg,red_dress
red_dress_00000020.jpg,red_dress
red_dress_00000021.jpg,red_dress
red_dress_00000022.jpg,red_dress
red_dress_00000023.jpg,red_dress
red_dress_00000024.jpg,red_dress
red_dress_00000025.jpg,red_dress
red_dress_00000026.jpg,red_dress
red_dress_00000027.jpg,red_dress
red_dress_00000028.jpg,red_dress
red_dress_00000029.png,red_dress
red_dress_00000030.jpg,red_dress
red_dress_00000031.jpeg,red_dress
red_dress_00000032.jpg,red_dress
red_dress_00000033.jpg,red_dress
red_dress_00000034.jpg,red_dress
red_dress_00000035.jpg,red_dress
red_dress_00000036.jpg,red_dress
red_dress_00000037.jpg,red_dress
red_dress_00000038.jpg,red_dress
red_dress_00000039.jpg,red_dress
red_dress_00000040.jpg,red_dress
red_dress_00000041.jpg,red_dress
red_dress_00000042.jpg,red_dress
red_dress_00000043.jpg,red_dress
red_dress_00000044.jpg,red_dress
red_dress_00000045.jpg,red_dress
red_dress_00000046.jpg,red_dress
red_dress_00000047.png,red_dress
red_dress_00000048.jpg,red_dress
red_dress_00000049.png,red_dress
red_dress_00000050.jpg,red_dress
red_dress_00000051.jpg,red_dress
red_dress_00000052.jpg,red_dress
red_dress_00000053.jpg,red_dress
red_dress_00000054.jpg,red_dress
red_dress_00000055.jpg,red_dress
red_dress_00000056.png,red_dress
red_dress_00000057.jpg,red_dress
red_dress_00000058.jpg,red_dress
red_dress_00000059.jpg,red_dress
red_dress_00000060.jpg,red_dress
red_dress_00000061.jpg,red_dress
red_dress_00000062.jpg,red_dress
red_dress_00000063.jpg,red_dress
red_dress_00000064.jpg,red_dress
red_dress_00000065.jpg,red_dress
red_dress_00000066.jpg,red_dress
red_dress_00000067.jpg,red_dress
red_dress_00000069.jpg,red_dress
red_dress_00000070.jpeg,red_dress
red_dress_00000071.jpg,red_dress
red_dress_00000072.jpg,red_dress
red_dress_00000073.jpg,red_dress
red_dress_00000074.jpg,red_dress
red_dress_00000075.jpg,red_dress
red_dress_00000076.jpg,red_dress
red_dress_00000077.jpg,red_dress
red_dress_00000078.jpg,red_dress
red_dress_00000079.jpg,red_dress
red_dress_00000080.JPG,red_dress
red_dress_00000081.jpg,red_dress
red_dress_00000082.jpg,red_dress
red_dress_00000083.jpg,red_dress
red_dress_00000085.jpg,red_dress
red_dress_00000086.jpg,red_dress
red_dress_00000087.jpg,red_dress
red_dress_00000088.jpg,red_dress
red_dress_00000089.jpg,red_dress
red_dress_00000090.jpg,red_dress
red_dress_00000091.jpeg,red_dress
red_dress_00000092.jpg,red_dress
red_dress_00000093.jpg,red_dress
red_dress_00000094.jpg,red_dress
red_dress_00000095.jpg,red_dress
red_dress_00000096.jpg,red_dress
red_dress_00000097.jpg,red_dress
red_dress_00000098.jpg,red_dress
red_dress_00000099.jpg,red_dress
red_dress_00000100.jpg,red_dress
red_dress_00000101.jpg,red_dress
red_dress_00000102.jpg,red_dress
red_dress_00000103.jpeg,red_dress
red_dress_00000104.jpg,red_dress
red_dress_00000105.jpg,red_dress
red_dress_00000106.jpg,red_dress
red_dress_00000107.jpg,red_dress
red_dress_00000108.jpg,red_dress
red_dress_00000109.jpg,red_dress
red_dress_00000110.jpg,red_dress
red_dress_00000111.jpg,red_dress
red_dress_00000112.jpg,red_dress
red_dress_00000113.jpg,red_dress
red_dress_00000114.jpg,red_dress
red_dress_00000115.jpg,red_dress
red_shirt_00000000.jpg,red_shirt
red_shirt_00000001.png,red_shirt
red_shirt_00000002.jpg,red_shirt
red_shirt_00000003.jpeg,red_shirt
red_shirt_00000004.jpg,red_shirt
red_shirt_00000005.png,red_shirt
red_shirt_00000006.png,red_shirt
red_shirt_00000007.png,red_shirt
red_shirt_00000008.png,red_shirt
red_shirt_00000009.jpeg,red_shirt
red_shirt_00000011.jpg,red_shirt
red_shirt_00000012.png,red_shirt
red_shirt_00000013.png,red_shirt
red_shirt_00000014.jpg,red_shirt
red_shirt_00000015.jpg,red_shirt
red_shirt_00000016.jpg,red_shirt
red_shirt_00000017.jpeg,red_shirt
red_shirt_00000018.jpg,red_shirt
red_shirt_00000019.png,red_shirt
red_shirt_00000020.jpg,red_shirt
red_shirt_00000021.jpg,red_shirt
red_shirt_00000022.jpg,red_shirt
red_shirt_00000023.png,red_shirt
red_shirt_00000024.jpg,red_shirt
red_shirt_00000025.jpg,red_shirt
red_shirt_00000026.png,red_shirt
red_shirt_00000027.jpg,red_shirt
red_shirt_00000028.png,red_shirt
red_shirt_00000029.jpg,red_shirt
red_shirt_00000030.png,red_shirt
red_shirt_00000031.png,red_shirt
red_shirt_00000032.jpg,red_shirt
red_shirt_00000033.jpg,red_shirt
red_shirt_00000034.png,red_shirt
red_shirt_00000035.jpg,red_shirt
red_shirt_00000036.jpg,red_shirt
red_shirt_00000037.jpg,red_shirt
red_shirt_00000038.png,red_shirt
red_shirt_00000039.JPG,red_shirt
red_shirt_00000040.png,red_shirt
red_shirt_00000041.jpg,red_shirt
red_shirt_00000042.jpg,red_shirt
red_shirt_00000043.jpg,red_shirt
red_shirt_00000044.png,red_shirt
red_shirt_00000045.jpg,red_shirt
red_shirt_00000046.jpg,red_shirt
red_shirt_00000047.jpg,red_shirt
red_shirt_00000048.jpg,red_shirt
red_shirt_00000049.jpg,red_shirt
red_shirt_00000050.jpg,red_shirt
red_shirt_00000051.jpg,red_shirt
red_shirt_00000052.jpg,red_shirt
red_shirt_00000053.jpg,red_shirt
red_shirt_00000054.jpg,red_shirt
red_shirt_00000055.jpg,red_shirt
red_shirt_00000056.jpg,red_shirt
red_shirt_00000057.jpg,red_shirt
red_shirt_00000058.png,red_shirt
red_shirt_00000059.jpg,red_shirt
red_shirt_00000060.jpg,red_shirt
red_shirt_00000061.jpeg,red_shirt
red_shirt_00000062.jpg,red_shirt
red_shirt_00000063.jpg,red_shirt
red_shirt_00000064.jpg,red_shirt
red_shirt_00000065.jpg,red_shirt
red_shirt_00000066.jpg,red_shirt
red_shirt_00000067.jpg,red_shirt
red_shirt_00000068.jpg,red_shirt
red_shirt_00000069.jpg,red_shirt
red_shirt_00000070.jpg,red_shirt
red_shirt_00000071.jpg,red_shirt
red_shirt_00000072.jpg,red_shirt
red_shirt_00000073.jpg,red_shirt
red_shirt_00000074.jpg,red_shirt
red_shirt_00000075.jpg,red_shirt
red_shirt_00000076.png,red_shirt
red_shirt_00000077.jpg,red_shirt
red_shirt_00000078.jpg,red_shirt
red_shirt_00000079.jpg,red_shirt
red_shirt_00000080.jpg,red_shirt
red_shirt_00000081.png,red_shirt
red_shirt_00000082.jpg,red_shirt
red_shirt_00000083.jpg,red_shirt
red_shirt_00000084.jpg,red_shirt
red_shirt_00000085.jpg,red_shirt
red_shirt_00000086.jpeg,red_shirt
red_shirt_00000088.jpeg,red_shirt
red_shirt_00000089.jpg,red_shirt
red_shirt_00000091.jpg,red_shirt
red_shirt_00000092.png,red_shirt
red_shirt_00000093.jpg,red_shirt
red_shirt_00000094.jpg,red_shirt
red_shirt_00000095.jpg,red_shirt
red_shirt_00000096.jpg,red_shirt
red_shirt_00000097.jpg,red_shirt
red_shirt_00000098.jpg,red_shirt
red_shirt_00000099.jpg,red_shirt
red_shirt_00000100.jpg,red_shirt
red_shirt_00000101.jpg,red_shirt
red_shirt_00000102.jpg,red_shirt
red_shirt_00000103.jpg,red_shirt
red_shirt_00000104.jpeg,red_shirt
red_shirt_00000105.jpg,red_shirt
red_shirt_00000106.jpg,red_shirt
red_shirt_00000107.jpg,red_shirt
red_shirt_00000108.jpg,red_shirt
red_shirt_00000109.jpeg,red_shirt
red_shirt_00000110.jpg,red_shirt
red_shirt_00000111.jpg,red_shirt
red_shirt_00000112.jpg,red_shirt
red_shirt_00000114.jpg,red_shirt
red_shirt_00000115.jpg,red_shirt
red_shirt_00000116.jpg,red_shirt
red_shirt_00000117.jpg,red_shirt
red_shirt_00000121.jpg,red_shirt
red_shirt_00000122.png,red_shirt
red_shirt_00000123.jpg,red_shirt
red_shirt_00000125.jpg,red_shirt
red_shirt_00000126.jpg,red_shirt
red_shirt_00000127.jpg,red_shirt
red_shirt_00000128.jpg,red_shirt
red_shirt_00000129.jpg,red_shirt
red_shirt_00000130.jpg,red_shirt
red_shirt_00000131.jpg,red_shirt
red_shirt_00000132.jpg,red_shirt
red_shirt_00000133.jpg,red_shirt
red_shirt_00000134.jpg,red_shirt
red_shirt_00000135.jpg,red_shirt
red_shirt_00000136.jpg,red_shirt
red_shirt_00000137.jpg,red_shirt
red_shirt_00000138.jpg,red_shirt
red_shirt_00000139.png,red_shirt
red_shirt_00000140.jpg,red_shirt
red_shirt_00000141.jpg,red_shirt
red_shirt_00000142.jpg,red_shirt
red_shirt_00000143.jpg,red_shirt
red_shirt_00000144.jpg,red_shirt
red_shirt_00000145.jpg,red_shirt
red_shirt_00000146.jpg,red_shirt
red_shirt_00000147.jpg,red_shirt
red_shirt_00000149.jpg,red_shirt
red_shirt_00000150.jpg,red_shirt
red_shirt_00000151.jpg,red_shirt
red_shirt_00000152.png,red_shirt
red_shirt_00000153.jpg,red_shirt
red_shirt_00000154.jpg,red_shirt
red_shirt_00000155.jpg,red_shirt
red_shirt_00000156.jpg,red_shirt
red_shirt_00000157.jpg,red_shirt
red_shirt_00000158.jpg,red_shirt
red_shirt_00000159.jpg,red_shirt
red_shirt_00000160.jpg,red_shirt
red_shirt_00000161.jpg,red_shirt
red_shirt_00000162.jpg,red_shirt
red_shirt_00000163.jpg,red_shirt
red_shirt_00000164.jpg,red_shirt
red_shirt_00000165.jpg,red_shirt
red_shirt_00000167.jpg,red_shirt
red_shirt_00000168.jpg,red_shirt
red_shirt_00000169.jpg,red_shirt
red_shirt_00000170.jpg,red_shirt
red_shirt_00000171.jpg,red_shirt
red_shirt_00000172.jpg,red_shirt
red_shirt_00000174.jpg,red_shirt
red_shirt_00000173.jpeg,red_shirt
red_shirt_00000175.jpg,red_shirt
red_shirt_00000176.jpg,red_shirt
red_shirt_00000177.jpg,red_shirt
red_shirt_00000178.jpg,red_shirt
red_shirt_00000179.jpeg,red_shirt
red_shirt_00000180.jpg,red_shirt
red_shirt_00000181.jpg,red_shirt
red_shirt_00000182.jpg,red_shirt
red_shirt_00000183.jpg,red_shirt
red_shirt_00000184.jpg,red_shirt
red_shirt_00000186.jpeg,red_shirt
red_shirt_00000187.jpg,red_shirt
red_shirt_00000188.jpg,red_shirt
red_shirt_00000189.jpeg,red_shirt
red_shirt_00000190.jpg,red_shirt
red_shirt_00000191.jpg,red_shirt
red_shirt_00000193.jpeg,red_shirt
red_shirt_00000195.jpg,red_shirt
red_shirt_00000196.jpg,red_shirt
red_shirt_00000197.jpg,red_shirt
red_shirt_00000198.jpg,red_shirt
red_shirt_00000199.jpg,red_shirt
red_shirt_00000200.jpg,red_shirt
red_shirt_00000201.jpg,red_shirt
red_shirt_00000202.jpg,red_shirt
red_shirt_00000203.jpg,red_shirt
red_shirt_00000204.png,red_shirt
red_shirt_00000205.jpg,red_shirt
red_shirt_00000206.jpg,red_shirt
red_shirt_00000207.jpg,red_shirt
red_shirt_00000208.jpg,red_shirt
red_shirt_00000209.jpg,red_shirt
red_shirt_00000210.jpg,red_shirt
red_shirt_00000211.jpg,red_shirt
red_shirt_00000212.jpg,red_shirt
red_shirt_00000213.jpg,red_shirt
red_shirt_00000214.jpeg,red_shirt
red_shirt_00000215.jpg,red_shirt
red_shirt_00000216.jpg,red_shirt
red_shirt_00000217.jpeg,red_shirt
red_shirt_00000218.jpg,red_shirt
red_shirt_00000219.jpg,red_shirt
red_shirt_00000220.jpg,red_shirt
red_shirt_00000221.jpg,red_shirt
red_shirt_00000222.jpg,red_shirt
red_shirt_00000223.jpeg,red_shirt
red_shirt_00000224.jpg,red_shirt
red_shirt_00000225.jpg,red_shirt
red_shirt_00000226.jpg,red_shirt
red_shirt_00000227.jpg,red_shirt
red_shirt_00000228.jpg,red_shirt
red_shirt_00000229.jpg,red_shirt
red_shirt_00000230.jpg,red_shirt
red_shirt_00000232.jpg,red_shirt
red_shirt_00000233.jpg,red_shirt
red_shirt_00000234.jpg,red_shirt
red_shirt_00000235.jpg,red_shirt
red_shirt_00000237.jpg,red_shirt
red_shirt_00000238.jpg,red_shirt
red_shirt_00000239.jpg,red_shirt
red_shirt_00000240.jpg,red_shirt
red_shirt_00000241.jpeg,red_shirt
red_shirt_00000242.jpg,red_shirt
red_shirt_00000243.jpg,red_shirt
red_shirt_00000244.jpeg,red_shirt
red_shirt_00000245.jpeg,red_shirt
red_shirt_00000246.jpg,red_shirt
red_shirt_00000247.jpg,red_shirt
red_shirt_00000249.jpg,red_shirt
red_shirt_00000251.jpg,red_shirt
red_shirt_00000252.jpg,red_shirt
red_shirt_00000253.jpg,red_shirt
red_shirt_00000254.png,red_shirt
red_shirt_00000255.jpg,red_shirt
red_shirt_00000257.jpeg,red_shirt
red_shirt_00000258.jpg,red_shirt
red_shirt_00000259.jpg,red_shirt
red_shirt_00000260.jpg,red_shirt
red_shirt_00000261.jpg,red_shirt
red_shirt_00000265.png,red_shirt
red_shirt_00000266.jpg,red_shirt
red_shirt_00000267.jpg,red_shirt
red_shirt_00000268.jpg,red_shirt
red_shirt_00000269.jpeg,red_shirt
red_shirt_00000270.jpg,red_shirt
red_shirt_00000271.jpg,red_shirt
red_shirt_00000272.jpg,red_shirt
red_shirt_00000273.jpg,red_shirt
red_shirt_00000274.jpg,red_shirt
red_shirt_00000275.jpg,red_shirt
red_shirt_00000276.jpg,red_shirt
red_shirt_00000278.jpg,red_shirt
red_shirt_00000279.jpg,red_shirt
red_shirt_00000280.jpg,red_shirt
red_shirt_00000281.jpg,red_shirt
red_shirt_00000283.jpg,red_shirt
red_shirt_00000285.jpg,red_shirt
red_shirt_00000287.jpeg,red_shirt
red_shirt_00000288.jpg,red_shirt
red_shirt_00000289.jpg,red_shirt
red_shirt_00000290.jpg,red_shirt
red_shirt_00000291.jpg,red_shirt
red_shirt_00000292.jpg,red_shirt
red_shirt_00000294.jpg,red_shirt
red_shirt_00000295.jpg,red_shirt
red_shirt_00000296.jpeg,red_shirt
red_shirt_00000297.jpg,red_shirt
red_shirt_00000298.jpg,red_shirt
red_shirt_00000299.jpg,red_shirt
red_shirt_00000301.jpg,red_shirt
red_shirt_00000302.jpeg,red_shirt
red_shirt_00000304.jpg,red_shirt
red_shirt_00000305.jpg,red_shirt
red_shirt_00000306.jpeg,red_shirt
red_shirt_00000307.jpg,red_shirt
red_shirt_00000308.jpg,red_shirt
red_shirt_00000310.jpg,red_shirt
red_shirt_00000311.jpg,red_shirt
red_shirt_00000312.jpg,red_shirt
red_shirt_00000313.jpg,red_shirt
red_shirt_00000314.jpg,red_shirt
red_shirt_00000315.jpg,red_shirt
red_shirt_00000317.jpg,red_shirt
red_shirt_00000319.jpg,red_shirt
red_shirt_00000320.jpg,red_shirt
red_shirt_00000322.jpg,red_shirt
red_shirt_00000323.jpg,red_shirt
red_shirt_00000325.jpg,red_shirt
red_shirt_00000328.jpg,red_shirt
red_shirt_00000329.jpg,red_shirt
red_shirt_00000330.jpg,red_shirt
red_shirt_00000333.jpg,red_shirt
red_shirt_00000334.jpg,red_shirt
red_shirt_00000336.jpg,red_shirt
red_shirt_00000337.jpg,red_shirt
red_shirt_00000339.jpg,red_shirt
red_shirt_00000340.jpg,red_shirt
red_shirt_00000342.jpg,red_shirt
red_shirt_00000343.jpeg,red_shirt
red_shirt_00000344.jpg,red_shirt
red_shirt_00000345.jpg,red_shirt
red_shirt_00000346.jpeg,red_shirt
red_shirt_00000348.jpg,red_shirt
red_shirt_00000349.jpg,red_shirt
red_shirt_00000351.jpg,red_shirt
red_shirt_00000354.jpg,red_shirt
red_shirt_00000355.jpg,red_shirt
red_shirt_00000356.jpg,red_shirt
red_shirt_00000357.jpg,red_shirt
red_shirt_00000358.jpg,red_shirt
red_shirt_00000360.jpeg,red_shirt
red_shirt_00000361.jpg,red_shirt
red_shirt_00000363.jpg,red_shirt
red_shirt_00000364.jpg,red_shirt
red_shirt_00000367.jpg,red_shirt
red_shirt_00000368.jpg,red_shirt
red_shirt_00000369.jpg,red_shirt
red_shirt_00000370.jpg,red_shirt
red_shirt_00000371.jpg,red_shirt
red_shirt_00000374.jpg,red_shirt
red_shirt_00000375.jpg,red_shirt
red_shirt_00000376.jpg,red_shirt
red_shirt_00000379.jpg,red_shirt
red_shirt_00000382.jpg,red_shirt
red_shirt_00000383.jpg,red_shirt
red_shirt_00000386.jpeg,red_shirt
red_shirt_00000388.jpg,red_shirt
